filename,category
01789140462.838311_Boar_0.520.jpg,artifact
01789140462.838311_Elephant_0.631.jpg,artifact
01789147099.975648_Elephant_0.520.jpg,human
01789147105.019108_Elephant_0.520.jpg,human
01789147861.754245_Boar_0.780.jpg,empty_background
01789147906.745359_Elephant_0.780.jpg,empty_background
01789158677.582492_Boar_0.520.jpg,fox
01789158686.598947_Boar_0.631.jpg,fox
01789173346.797979_Boar_0.557.jpg,ambiguous
01789224666.474072_Elephant_0.631.jpg,ambiguous
01789224681.510299_Elephant_0.631.jpg,human
01789224720.559873_Elephant_0.631.jpg,human
01789224763.633434_Boar_0.520.jpg,human
01789230374.318859_Boar_0.520.jpg,artifact
01789230377.330794_Elephant_0.743.jpg,human
01789230515.496679_Elephant_0.780.jpg,human
01789230540.504644_Elephant_0.557.jpg,empty_background
01789230984.020051_Boar_0.520.jpg,ambiguous
01789230993.029075_Boar_0.631.jpg,human
01789239085.976479_Elephant_0.631.jpg,ambiguous
01789261682.640608_Elephant_0.520.jpg,ambiguous
01789261690.622231_Elephant_0.557.jpg,ambiguous
01789261707.655876_Elephant_0.520.jpg,ambiguous
01789261714.664997_Elephant_0.557.jpg,ambiguous
01789261721.678903_Elephant_0.520.jpg,ambiguous
01789261728.648425_Elephant_0.520.jpg,ambiguous
01789261733.683647_Elephant_0.520.jpg,ambiguous
01789261739.698886_Elephant_0.557.jpg,ambiguous
01789261744.716550_Elephant_0.557.jpg,ambiguous
01789261750.711355_Elephant_0.520.jpg,ambiguous
01789261933.538958_Elephant_0.817.jpg,ambiguous
01789269503.871494_Boar_0.520.jpg,empty_background
01789269512.848062_Boar_0.520.jpg,empty_background
01789269517.877977_Boar_0.520.jpg,empty_background
01789269523.898793_Boar_0.520.jpg,empty_background
01789269529.032138_Boar_0.520.jpg,empty_background
01789269536.910502_Boar_0.557.jpg,empty_background
01789269541.947376_Boar_0.520.jpg,empty_background
01789269547.920799_Boar_0.520.jpg,empty_background
01789269556.972882_Boar_0.520.jpg,empty_background
01789269562.962397_Boar_0.520.jpg,empty_background
01789269568.942944_Boar_0.520.jpg,empty_background
01789269573.978635_Boar_0.520.jpg,empty_background
01789269579.969947_Boar_0.520.jpg,empty_background
01789269589.976644_Boar_0.520.jpg,empty_background
01789269598.006164_Boar_0.520.jpg,empty_background
01789291816.052553_Boar_0.520.jpg,empty_background
01789293974.939273_Elephant_0.743.jpg,human
01789293980.130749_Elephant_0.557.jpg,human
01789294114.131013_Elephant_0.557.jpg,human
01789294203.383647_Elephant_0.557.jpg,human
01789294342.347733_Elephant_0.817.jpg,human
01789294348.227839_Elephant_0.743.jpg,human
01789294467.855973_Elephant_0.817.jpg,human
01789310169.673841_Elephant_0.631.jpg,human
01789310289.165004_Elephant_0.557.jpg,empty_background
01789310296.011087_Elephant_0.631.jpg,human
01789310378.642054_Boar_0.520.jpg,human
01789310415.776244_Elephant_0.520.jpg,human
01789310437.807329_Elephant_0.520.jpg,human
01789310448.751135_Elephant_0.557.jpg,human
01789346337.728297_Boar_0.557.jpg,empty_background
01789346918.458788_Boar_0.557.jpg,empty_background
01789347195.830101_Boar_0.520.jpg,empty_background
01789347205.813132_Boar_0.520.jpg,empty_background
01789347212.790808_Boar_0.520.jpg,empty_background
01789347217.813970_Boar_0.520.jpg,empty_background
01789347222.826213_Boar_0.520.jpg,empty_background
01789347227.830062_Boar_0.520.jpg,empty_background
01789347232.877834_Boar_0.520.jpg,empty_background
01789347238.849574_Boar_0.520.jpg,empty_background
01789347243.933771_Boar_0.520.jpg,empty_background
01789347249.864822_Boar_0.520.jpg,empty_background
01789347254.876801_Boar_0.557.jpg,empty_background
01789347260.874302_Boar_0.557.jpg,empty_background
01789347265.879452_Boar_0.520.jpg,empty_background
01789347271.892884_Boar_0.557.jpg,empty_background
01789347457.480803_Boar_0.557.jpg,empty_background
01789347462.497871_Boar_0.520.jpg,empty_background
01789347467.511009_Boar_0.557.jpg,empty_background
01789347472.515043_Boar_0.557.jpg,empty_background
01789347478.525102_Boar_0.557.jpg,empty_background
01789347483.582715_Boar_0.520.jpg,empty_background
01789347489.544018_Boar_0.557.jpg,empty_background
01789347495.533527_Boar_0.557.jpg,empty_background
01789347500.559457_Boar_0.557.jpg,empty_background
01789347506.530087_Boar_0.557.jpg,empty_background
01789347511.547550_Boar_0.557.jpg,empty_background
01789347516.570245_Boar_0.557.jpg,empty_background
01789347521.581717_Boar_0.557.jpg,empty_background
01789347526.605201_Boar_0.557.jpg,empty_background
01789347532.579258_Boar_0.557.jpg,empty_background
01789347537.612835_Boar_0.520.jpg,empty_background
01789347543.735785_Boar_0.520.jpg,empty_background
01789347549.632939_Boar_0.520.jpg,empty_background
01789347555.643040_Boar_0.520.jpg,empty_background
01789347561.635289_Boar_0.520.jpg,empty_background
01789347566.654770_Boar_0.520.jpg,empty_background
01789347572.651811_Boar_0.520.jpg,empty_background
01789347577.663496_Boar_0.520.jpg,empty_background
01789347582.672255_Boar_0.520.jpg,empty_background
01789347588.684053_Boar_0.520.jpg,empty_background
01789347593.701274_Boar_0.520.jpg,empty_background
01789347598.709218_Boar_0.520.jpg,empty_background
01789347608.120210_Boar_0.520.jpg,empty_background
01789347614.310528_Boar_0.520.jpg,empty_background
01789347620.199059_Boar_0.520.jpg,empty_background
01789347626.163844_Boar_0.520.jpg,empty_background
01789347635.188692_Boar_0.520.jpg,empty_background
01789347654.199767_Boar_0.520.jpg,empty_background
01789347659.211527_Boar_0.520.jpg,empty_background
01789347674.372085_Boar_0.520.jpg,empty_background
01789347688.250041_Boar_0.520.jpg,empty_background
01789347693.293883_Boar_0.520.jpg,empty_background
01789347715.302971_Boar_0.520.jpg,empty_background
01789347749.340219_Boar_0.520.jpg,empty_background
01789347778.332552_Boar_0.520.jpg,empty_background
01789349913.487222_Boar_0.520.jpg,empty_background
01789358279.533515_Boar_0.520.jpg,empty_background
01789359235.806257_Boar_0.520.jpg,other_animal
01789359243.875792_Boar_0.520.jpg,other_animal
01789359254.855704_Boar_0.557.jpg,other_animal
01789359260.866937_Boar_0.520.jpg,other_animal
01789359265.896922_Boar_0.520.jpg,other_animal
01789360013.815269_Boar_0.520.jpg,empty_background
01789360027.850234_Boar_0.520.jpg,empty_background
01789360115.972831_Boar_0.520.jpg,empty_background
01789360123.105496_Boar_0.520.jpg,empty_background
01789360134.980310_Boar_0.520.jpg,empty_background
01789360141.039718_Boar_0.520.jpg,empty_background
01789360146.999920_Boar_0.520.jpg,empty_background
01789360152.047658_Boar_0.520.jpg,empty_background
01789360157.059144_Boar_0.520.jpg,empty_background
01789360169.047853_Boar_0.520.jpg,empty_background
01789360177.064336_Boar_0.520.jpg,empty_background
01789360183.204692_Boar_0.520.jpg,empty_background
01789360190.088286_Boar_0.520.jpg,empty_background
01789360215.244110_Boar_0.520.jpg,empty_background
01789360242.293886_Boar_0.520.jpg,empty_background
01789360248.275009_Boar_0.520.jpg,empty_background
01789360254.284535_Boar_0.520.jpg,empty_background
01789360267.314423_Boar_0.520.jpg,empty_background
01789360410.463428_Boar_0.520.jpg,empty_background
01789360534.626901_Boar_0.520.jpg,empty_background
01789360556.610536_Boar_0.520.jpg,empty_background
01789360672.764464_Boar_0.520.jpg,empty_background
01789360678.760404_Boar_0.520.jpg,empty_background
01789362676.855460_Boar_0.520.jpg,empty_background
01789362896.005349_Boar_0.520.jpg,empty_background
01789362905.106380_Boar_0.520.jpg,empty_background
01789362934.094826_Boar_0.520.jpg,empty_background
01789362940.087107_Boar_0.520.jpg,empty_background
01789362945.092029_Boar_0.557.jpg,empty_background
01789362950.106318_Boar_0.520.jpg,empty_background
01789362955.134734_Boar_0.520.jpg,empty_background
01789362965.153671_Boar_0.520.jpg,empty_background
01789362976.130388_Boar_0.520.jpg,empty_background
01789362983.193866_Boar_0.520.jpg,empty_background
01789363119.409629_Boar_0.520.jpg,empty_background
01789363146.440413_Boar_0.520.jpg,empty_background
01789363179.517682_Boar_0.668.jpg,other_animal
01789363186.531355_Boar_0.520.jpg,empty_background
01789363192.542205_Boar_0.520.jpg,empty_background
01789363199.518875_Boar_0.520.jpg,empty_background
01789363206.737528_Boar_0.520.jpg,empty_background
01789363212.766628_Boar_0.520.jpg,empty_background
01789363242.771194_Boar_0.520.jpg,other_animal
01789363248.807196_Boar_0.520.jpg,other_animal
01789363254.828989_Boar_0.520.jpg,other_animal
01789363271.824075_Boar_0.520.jpg,empty_background
01789363278.856701_Boar_0.520.jpg,empty_background
01789363283.885363_Boar_0.520.jpg,empty_background
01789363292.854559_Boar_0.520.jpg,empty_background
01789363339.053466_Boar_0.520.jpg,empty_background
01789363363.075442_Boar_0.520.jpg,empty_background
01789363368.299099_Boar_0.520.jpg,empty_background
01789363399.232287_Boar_0.520.jpg,empty_background
01789363405.294512_Boar_0.520.jpg,empty_background
01789363413.263402_Boar_0.520.jpg,empty_background
01789363418.276087_Boar_0.520.jpg,empty_background
01789363423.291459_Boar_0.520.jpg,empty_background
01789363428.443231_Boar_0.520.jpg,empty_background
01789363435.329311_Boar_0.520.jpg,empty_background
01789363440.368871_Boar_0.557.jpg,empty_background
01789363445.369698_Boar_0.520.jpg,empty_background
01789363450.372681_Boar_0.520.jpg,empty_background
01789363456.332527_Boar_0.520.jpg,empty_background
01789363461.382605_Boar_0.520.jpg,empty_background
01789363466.427854_Boar_0.520.jpg,empty_background
01789363473.404921_Boar_0.520.jpg,empty_background
01789363480.406339_Boar_0.520.jpg,empty_background
01789363485.422481_Boar_0.520.jpg,empty_background
01789363764.960153_Boar_0.520.jpg,empty_background
01789363769.963809_Boar_0.557.jpg,empty_background
01789363775.981644_Boar_0.520.jpg,empty_background
01789363781.003928_Boar_0.520.jpg,empty_background
01789363786.020648_Boar_0.520.jpg,empty_background
01789363791.031908_Boar_0.520.jpg,empty_background
01789363841.522673_Boar_0.520.jpg,empty_background
01789363846.557761_Boar_0.520.jpg,empty_background
01789363851.613108_Boar_0.557.jpg,empty_background
01789363856.618515_Boar_0.520.jpg,empty_background
01789363862.593864_Boar_0.557.jpg,empty_background
01789363867.600954_Boar_0.520.jpg,empty_background
01789363960.727610_Boar_0.520.jpg,other_animal
01789364114.923067_Boar_0.520.jpg,empty_background
01789364124.947439_Boar_0.520.jpg,empty_background
01789364132.978272_Boar_0.520.jpg,empty_background
01789364313.255030_Boar_0.520.jpg,empty_background
01789364359.257406_Boar_0.520.jpg,empty_background
01789364369.289248_Boar_0.520.jpg,empty_background
01789366226.743027_Boar_0.520.jpg,empty_background
01789366266.807155_Boar_0.520.jpg,empty_background
01789366276.801645_Boar_0.520.jpg,empty_background
01789366281.833611_Boar_0.520.jpg,empty_background
01789366287.831113_Boar_0.520.jpg,empty_background
01789366295.894771_Boar_0.520.jpg,empty_background
01789366301.841629_Boar_0.520.jpg,empty_background
01789366306.889086_Boar_0.520.jpg,empty_background
01789366315.866245_Boar_0.520.jpg,empty_background
01789366347.918081_Boar_0.520.jpg,empty_background
01789366377.947185_Boar_0.520.jpg,empty_background
01789366408.971526_Boar_0.520.jpg,empty_background
01789366439.003991_Boar_0.520.jpg,empty_background
01789366444.066329_Boar_0.520.jpg,empty_background
01789366685.254125_Boar_0.520.jpg,empty_background
01789366721.305217_Boar_0.520.jpg,empty_background
01789366749.332455_Boar_0.520.jpg,empty_background
01789366757.347761_Boar_0.520.jpg,empty_background
01789366764.372558_Boar_0.520.jpg,empty_background
01789369257.070742_Boar_0.520.jpg,empty_background
01789370227.356499_Boar_0.520.jpg,empty_background
01789370248.520196_Boar_0.520.jpg,empty_background
01789370256.397156_Boar_0.520.jpg,empty_background
01789370301.444549_Boar_0.520.jpg,empty_background
01789370311.480171_Boar_0.520.jpg,empty_background
01789370321.481824_Boar_0.520.jpg,empty_background
01789370332.502106_Boar_0.520.jpg,empty_background
01789370811.161752_Boar_0.520.jpg,empty_background
01789370816.200869_Boar_0.520.jpg,empty_background
01789370822.198042_Boar_0.520.jpg,empty_background
01789370828.235047_Boar_0.520.jpg,empty_background
01789370839.186383_Boar_0.520.jpg,empty_background
01789370845.203260_Boar_0.557.jpg,empty_background
01789370851.222834_Boar_0.520.jpg,empty_background
01789370856.224397_Boar_0.520.jpg,empty_background
01789370861.275145_Boar_0.520.jpg,empty_background
01789370867.242775_Boar_0.520.jpg,empty_background
01789370872.256122_Boar_0.520.jpg,empty_background
01789370878.263953_Boar_0.520.jpg,empty_background
01789370884.326324_Boar_0.520.jpg,empty_background
01789370894.259408_Boar_0.520.jpg,empty_background
01789370901.275482_Boar_0.520.jpg,empty_background
01789370906.283036_Boar_0.520.jpg,empty_background
01789370915.279879_Boar_0.520.jpg,empty_background
01789370921.314832_Boar_0.520.jpg,empty_background
01789370927.335926_Boar_0.520.jpg,empty_background
01789371018.495442_Boar_0.520.jpg,empty_background
01789371023.533264_Boar_0.520.jpg,empty_background
01789371029.684678_Boar_0.520.jpg,empty_background
01789371035.558014_Boar_0.520.jpg,empty_background
01789371041.552188_Boar_0.520.jpg,empty_background
01789371048.563067_Boar_0.520.jpg,empty_background
01789371054.563731_Boar_0.520.jpg,empty_background
01789371059.734074_Boar_0.520.jpg,empty_background
01789371065.607657_Boar_0.520.jpg,empty_background
01789371072.645310_Boar_0.520.jpg,empty_background
01789371091.689249_Boar_0.520.jpg,empty_background
01789371096.702247_Boar_0.520.jpg,empty_background
01789371130.721795_Boar_0.520.jpg,empty_background
01789371138.687735_Boar_0.520.jpg,empty_background
01789371144.709939_Boar_0.520.jpg,empty_background
01789371177.763510_Boar_0.520.jpg,empty_background
01789371471.232544_Boar_0.520.jpg,empty_background
01789371516.296989_Boar_0.520.jpg,empty_background
01789371992.921884_Boar_0.520.jpg,empty_background
01789372018.954312_Boar_0.520.jpg,empty_background
01789372070.068577_Boar_0.520.jpg,empty_background
01789372078.016070_Boar_0.520.jpg,empty_background
01789372086.038619_Boar_0.520.jpg,empty_background
01789372095.047722_Boar_0.520.jpg,empty_background
01789372134.130623_Boar_0.520.jpg,empty_background
01789372151.118465_Boar_0.520.jpg,empty_background
01789372156.122309_Boar_0.520.jpg,empty_background
01789372209.309027_Boar_0.520.jpg,empty_background
01789372498.803138_Boar_0.520.jpg,empty_background
01789372594.969498_Boar_0.520.jpg,empty_background
01789372602.992631_Boar_0.520.jpg,empty_background
01789372610.980509_Boar_0.520.jpg,empty_background
01789372627.077074_Boar_0.520.jpg,empty_background
01789372639.021839_Boar_0.520.jpg,empty_background
01789372649.018138_Boar_0.520.jpg,empty_background
01789372654.036991_Boar_0.520.jpg,empty_background
01789372659.060075_Boar_0.520.jpg,empty_background
01789372670.086959_Boar_0.520.jpg,empty_background
01789372683.138841_Boar_0.520.jpg,empty_background
01789372689.131753_Boar_0.520.jpg,empty_background
01789372707.146194_Boar_0.520.jpg,empty_background
01789372739.178027_Boar_0.520.jpg,empty_background
01789372919.641517_Boar_0.520.jpg,empty_background
01789372925.662158_Boar_0.520.jpg,empty_background
01789372949.668280_Boar_0.520.jpg,empty_background
01789373328.380493_Boar_0.520.jpg,empty_background
01789373514.811310_Boar_0.520.jpg,empty_background
01789373524.016776_Boar_0.520.jpg,empty_background
01789373545.981472_Boar_0.520.jpg,empty_background
01789373551.931002_Boar_0.520.jpg,empty_background
01789373557.945229_Boar_0.520.jpg,empty_background
01789373570.982823_Boar_0.520.jpg,empty_background
01789373577.983650_Boar_0.520.jpg,empty_background
01789373684.222171_Boar_0.520.jpg,empty_background
01789373721.493841_Boar_0.520.jpg,empty_background
01789375083.558214_Boar_0.520.jpg,ambiguous
01789396903.333176_Boar_0.743.jpg,empty_background
01789396903.333176_Elephant_0.668.jpg,empty_background
01789399424.385137_Elephant_0.631.jpg,empty_background
01789605511.005682_Boar_0.668.jpg,artifact
01789605688.110306_Boar_0.594.jpg,empty_background
01789656797.082555_Boar_0.631.jpg,artifact
01789690458.346638_Boar_0.557.jpg,empty_background
01789762392.023406_Boar_0.520.jpg,empty_background
01789767544.207094_Boar_0.520.jpg,empty_background
01789767564.228186_Boar_0.520.jpg,empty_background
01789772281.681534_Boar_0.557.jpg,empty_background
01789777933.351973_Boar_0.520.jpg,empty_background
01789778850.307502_Elephant_0.631.jpg,empty_background
01789822538.141977_Boar_0.557.jpg,empty_background
01789825593.985906_Elephant_0.743.jpg,artifact
01789825605.003160_Boar_0.817.jpg,empty_background
01789877556.657533_Boar_0.557.jpg,empty_background
01789878603.894335_Elephant_0.520.jpg,human
01789878626.865970_Elephant_0.520.jpg,human
01789881047.541472_Elephant_0.520.jpg,other_animal
01789881504.146978_Elephant_0.520.jpg,empty_background
01789881537.199210_Elephant_0.520.jpg,empty_background
01789881578.373990_Elephant_0.520.jpg,empty_background
01789881584.286784_Elephant_0.520.jpg,empty_background
01789881597.251641_Elephant_0.520.jpg,empty_background
01789881631.338424_Elephant_0.520.jpg,empty_background
01789881643.410861_Elephant_0.520.jpg,empty_background
01789881781.565730_Elephant_0.520.jpg,empty_background
01789881796.563351_Elephant_0.520.jpg,empty_background
01789881892.662457_Elephant_0.520.jpg,other_animal
01789881898.641102_Elephant_0.520.jpg,other_animal
01789882370.267720_Elephant_0.520.jpg,empty_background
01789882376.270241_Elephant_0.520.jpg,empty_background
01789882383.355346_Elephant_0.520.jpg,empty_background
01789882477.394663_Elephant_0.520.jpg,empty_background
01789882483.387801_Elephant_0.520.jpg,empty_background
01789882758.749258_Elephant_0.520.jpg,empty_background
01789885129.909132_Elephant_0.520.jpg,empty_background
01789885220.061537_Elephant_0.520.jpg,empty_background
01789885225.075189_Elephant_0.520.jpg,empty_background
01789885248.095902_Elephant_0.520.jpg,empty_background
01789900311.683264_Elephant_0.520.jpg,empty_background
01789900820.247239_Elephant_0.520.jpg,empty_background
01789900912.364773_Elephant_0.557.jpg,empty_background
01789900917.382061_Elephant_0.520.jpg,empty_background
01789901110.680668_Elephant_0.631.jpg,empty_background
01789901136.666302_Elephant_0.520.jpg,empty_background
01789901198.747590_Elephant_0.557.jpg,empty_background
01789901222.751657_Elephant_0.520.jpg,empty_background
01789901615.237448_Elephant_0.520.jpg,empty_background
01789901744.407273_Elephant_0.557.jpg,empty_background
01789903478.703059_Elephant_0.520.jpg,empty_background
01789910501.359656_Elephant_0.520.jpg,ambiguous
01789913470.111197_Elephant_0.520.jpg,empty_background
01789913477.956513_Elephant_0.520.jpg,empty_background
01789913482.960466_Elephant_0.520.jpg,empty_background
01789913505.968448_Elephant_0.557.jpg,empty_background
01789913510.972770_Elephant_0.520.jpg,empty_background
01789913726.530754_Elephant_0.520.jpg,empty_background
01789920021.205664_Elephant_0.520.jpg,empty_background
01789920223.544628_Elephant_0.520.jpg,empty_background
01789920232.585047_Elephant_0.557.jpg,empty_background
01789920238.573725_Elephant_0.557.jpg,empty_background
01789920688.423906_Elephant_0.557.jpg,empty_background
01789921108.904515_Elephant_0.520.jpg,empty_background
01789921122.947126_Elephant_0.631.jpg,empty_background
01789921130.956428_Elephant_0.557.jpg,empty_background
01789921243.009061_Elephant_0.520.jpg,empty_background
01789921250.949493_Elephant_0.520.jpg,empty_background
01789921361.327066_Elephant_0.520.jpg,empty_background
01789921490.202032_Elephant_0.557.jpg,artifact
01790028418.244133_Elephant_0.557.jpg,empty_background
01790028430.267351_Elephant_0.817.jpg,empty_background
01790069346.434318_Boar_0.557.jpg,empty_background
01790082623.469147_Elephant_0.520.jpg,empty_background
01790085462.077061_Elephant_0.520.jpg,empty_background
01790085752.464919_Elephant_0.520.jpg,empty_background
01790085796.561845_Elephant_0.520.jpg,empty_background
01790086059.851368_Elephant_0.520.jpg,empty_background
01790086256.109215_Elephant_0.520.jpg,empty_background
01790086283.124444_Elephant_0.520.jpg,empty_background
01790086301.135688_Elephant_0.520.jpg,empty_background
01790086373.291591_Elephant_0.520.jpg,empty_background
01790086740.780792_Elephant_0.520.jpg,empty_background
01790086954.083848_Elephant_0.520.jpg,empty_background
01790088531.022511_Elephant_0.520.jpg,empty_background
01790088942.512789_Elephant_0.520.jpg,empty_background
01790102937.824460_Elephant_0.631.jpg,empty_background
01790130621.812136_Boar_0.520.jpg,empty_background
01790130635.825710_Boar_0.520.jpg,empty_background
01790130642.824306_Boar_0.520.jpg,empty_background
01790130651.023531_Boar_0.520.jpg,empty_background
01790130656.914155_Boar_0.520.jpg,empty_background
01790130679.949208_Boar_0.520.jpg,empty_background
01790131281.882926_Boar_0.520.jpg,empty_background
01790167714.908680_Elephant_0.520.jpg,empty_background
01790167723.869425_Elephant_0.520.jpg,empty_background
01790167733.960505_Elephant_0.520.jpg,empty_background
01790167739.965842_Elephant_0.520.jpg,empty_background
01790167752.010518_Elephant_0.520.jpg,empty_background
01790167757.014059_Elephant_0.520.jpg,empty_background
01790167763.013299_Elephant_0.520.jpg,empty_background
01790167768.070120_Elephant_0.520.jpg,empty_background
01790167774.050394_Elephant_0.557.jpg,empty_background
01790167780.023733_Elephant_0.520.jpg,empty_background
01790167785.203184_Elephant_0.520.jpg,empty_background
01790167794.048102_Elephant_0.520.jpg,empty_background
01790167799.076792_Elephant_0.520.jpg,empty_background
01790167809.630704_Elephant_0.520.jpg,empty_background
01790167814.708439_Elephant_0.520.jpg,empty_background
01790167821.715704_Elephant_0.520.jpg,empty_background
01790167827.683544_Elephant_0.520.jpg,empty_background
01790167833.660739_Elephant_0.520.jpg,empty_background
01790167842.686305_Elephant_0.520.jpg,empty_background
01790167850.736929_Elephant_0.520.jpg,empty_background
01790167855.812342_Elephant_0.520.jpg,empty_background
01790167861.790154_Elephant_0.520.jpg,empty_background
01790167867.860143_Elephant_0.520.jpg,empty_background
01790167873.826065_Elephant_0.520.jpg,empty_background
01790167878.850466_Elephant_0.520.jpg,empty_background
01790167886.885500_Elephant_0.520.jpg,empty_background
01790167892.906322_Elephant_0.631.jpg,empty_background
01790167904.886098_Elephant_0.520.jpg,empty_background
01790173405.365447_Elephant_0.520.jpg,empty_background
01790173458.454554_Elephant_0.520.jpg,empty_background
01790173466.473153_Elephant_0.520.jpg,empty_background
01790174727.758968_Elephant_0.520.jpg,empty_background
01790175021.300923_Elephant_0.520.jpg,empty_background
01790175055.377669_Elephant_0.520.jpg,empty_background
01790175077.415205_Elephant_0.520.jpg,empty_background
01790175152.458695_Elephant_0.520.jpg,empty_background
01790175187.425911_Elephant_0.520.jpg,empty_background
01790175205.482828_Elephant_0.520.jpg,empty_background
01790175210.493075_Elephant_0.520.jpg,empty_background
01790175282.597176_Elephant_0.520.jpg,empty_background
01790175288.597662_Elephant_0.520.jpg,empty_background
01790175293.638491_Elephant_0.520.jpg,empty_background
01790175298.644192_Elephant_0.520.jpg,empty_background
01790175392.830410_Elephant_0.520.jpg,empty_background
01790175466.965115_Elephant_0.520.jpg,empty_background
01790175484.093323_Elephant_0.520.jpg,empty_background
01790175532.032155_Elephant_0.520.jpg,empty_background
01790175564.074719_Elephant_0.520.jpg,empty_background
01790175672.781477_Elephant_0.520.jpg,empty_background
01790175750.831705_Elephant_0.520.jpg,empty_background
01790175817.923019_Elephant_0.520.jpg,empty_background
01790175824.920290_Elephant_0.520.jpg,empty_background
01790175833.947433_Elephant_0.520.jpg,empty_background
01790175846.987623_Elephant_0.520.jpg,empty_background
01790175888.042057_Elephant_0.520.jpg,empty_background
01790175893.046982_Elephant_0.520.jpg,empty_background
01790175951.224824_Elephant_0.520.jpg,empty_background
01790175979.278740_Elephant_0.520.jpg,empty_background
01790176048.418521_Elephant_0.520.jpg,empty_background
01790176101.545020_Elephant_0.520.jpg,empty_background
01790176156.687303_Elephant_0.520.jpg,empty_background
01790176230.006171_Elephant_0.520.jpg,empty_background
01790176274.091996_Elephant_0.520.jpg,empty_background
01790176280.117846_Elephant_0.520.jpg,empty_background
01790176297.117079_Elephant_0.520.jpg,empty_background
01790176346.217515_Elephant_0.520.jpg,empty_background
01790176352.224616_Elephant_0.520.jpg,empty_background
01790176375.289568_Elephant_0.520.jpg,empty_background
01790176394.290315_Elephant_0.520.jpg,empty_background
01790176428.301326_Elephant_0.520.jpg,empty_background
01790176477.461993_Elephant_0.520.jpg,empty_background
01790176488.446207_Elephant_0.520.jpg,empty_background
01790176494.443189_Elephant_0.557.jpg,empty_background
01790176504.767931_Elephant_0.520.jpg,empty_background
01790176510.628758_Elephant_0.520.jpg,empty_background
01790176564.875870_Elephant_0.520.jpg,empty_background
01790176602.767787_Elephant_0.520.jpg,empty_background
01790176616.792753_Elephant_0.520.jpg,empty_background
01790176645.818557_Elephant_0.520.jpg,empty_background
01790176778.999303_Elephant_0.520.jpg,empty_background
01790176789.028278_Elephant_0.520.jpg,empty_background
01790176899.332460_Elephant_0.520.jpg,empty_background
01790176968.452699_Elephant_0.520.jpg,empty_background
01790176987.477108_Elephant_0.520.jpg,empty_background
01790176994.484996_Elephant_0.520.jpg,empty_background
01790177015.662929_Elephant_0.520.jpg,empty_background
01790177031.514307_Elephant_0.520.jpg,empty_background
01790177086.595652_Elephant_0.520.jpg,empty_background
01790177109.618360_Elephant_0.520.jpg,empty_background
01790177191.735390_Elephant_0.520.jpg,empty_background
01790177212.791348_Elephant_0.520.jpg,empty_background
01790177333.933044_Elephant_0.520.jpg,empty_background
01790177386.979680_Elephant_0.520.jpg,empty_background
01790177627.365513_Elephant_0.520.jpg,empty_background
01790177710.623445_Elephant_0.520.jpg,empty_background
01790177780.682517_Elephant_0.520.jpg,empty_background
01790177795.702341_Elephant_0.520.jpg,empty_background
01790177897.801372_Elephant_0.520.jpg,empty_background
01790177947.004056_Elephant_0.520.jpg,empty_background
01790178335.417767_Elephant_0.520.jpg,empty_background
01790179128.607422_Elephant_0.520.jpg,empty_background
01790179484.137983_Elephant_0.520.jpg,empty_background
01790179913.712338_Elephant_0.520.jpg,empty_background
01790180368.985170_Elephant_0.520.jpg,empty_background
01790180420.204605_Elephant_0.520.jpg,empty_background
01790180643.573423_Elephant_0.520.jpg,empty_background
01790180654.588664_Elephant_0.520.jpg,empty_background
01790180661.560507_Elephant_0.520.jpg,empty_background
01790180922.893340_Elephant_0.520.jpg,empty_background
01790181011.249017_Elephant_0.520.jpg,empty_background
01790181056.297656_Elephant_0.520.jpg,empty_background
01790181296.799618_Elephant_0.520.jpg,empty_background
01790181314.803846_Elephant_0.520.jpg,empty_background
01790181346.859319_Elephant_0.520.jpg,empty_background
01790181411.907395_Elephant_0.520.jpg,empty_background
01790181475.052363_Elephant_0.520.jpg,empty_background
01790181814.786630_Elephant_0.520.jpg,empty_background
01790181876.903119_Elephant_0.520.jpg,empty_background
01790181959.015126_Elephant_0.520.jpg,empty_background
01790182080.236022_Elephant_0.520.jpg,empty_background
01790182461.909019_Elephant_0.520.jpg,empty_background
01790182488.968083_Elephant_0.520.jpg,empty_background
01790182501.998450_Elephant_0.520.jpg,empty_background
01790182640.079048_Elephant_0.520.jpg,empty_background
01790182898.712804_Elephant_0.520.jpg,empty_background
01790182983.914239_Elephant_0.520.jpg,empty_background
01790183345.398756_Elephant_0.520.jpg,empty_background
01790183376.515487_Elephant_0.520.jpg,empty_background
