filename,source_pull,source_clip_ts,sample_offset_s
revfp2_001_001.jpg,board_pull_20260924,20260923T172757,1.4
revfp2_001_002.jpg,board_pull_20260924,20260923T172757,2.7
revfp2_001_003.jpg,board_pull_20260924,20260923T172757,4.1
revfp2_002_001.jpg,board_pull_20260924,20260924T004340,55.2
revfp2_002_002.jpg,board_pull_20260924,20260924T004340,110.4
revfp2_002_003.jpg,board_pull_20260924,20260924T004340,165.6
revfp2_003_001.jpg,board_pull_20260924,20260924T004645,55.2
revfp2_003_002.jpg,board_pull_20260924,20260924T004645,110.3
revfp2_003_003.jpg,board_pull_20260924,20260924T004645,165.5
revfp2_004_001.jpg,board_pull_20260924,20260924T005731,16.2
revfp2_004_002.jpg,board_pull_20260924,20260924T005731,32.4
revfp2_004_003.jpg,board_pull_20260924,20260924T005731,48.6
revfp2_005_001.jpg,board_pull_20260924,20260924T033058,54.6
revfp2_005_002.jpg,board_pull_20260924,20260924T033058,109.1
revfp2_005_003.jpg,board_pull_20260924,20260924T033058,163.7
revfp2_006_001.jpg,board_pull_20260924,20260924T033900,46.1
revfp2_006_002.jpg,board_pull_20260924,20260924T033900,92.2
revfp2_006_003.jpg,board_pull_20260924,20260924T033900,138.4
revfp2_007_001.jpg,board_pull_20260924,20260924T034624,26.5
revfp2_007_002.jpg,board_pull_20260924,20260924T034624,52.9
revfp2_007_003.jpg,board_pull_20260924,20260924T034624,79.4
revfp2_008_001.jpg,board_pull_20260924,20260924T034801,54.1
revfp2_008_002.jpg,board_pull_20260924,20260924T034801,108.3
revfp2_008_003.jpg,board_pull_20260924,20260924T034801,162.4
revfp2_009_001.jpg,board_pull_20260924,20260924T035338,55.2
revfp2_009_002.jpg,board_pull_20260924,20260924T035338,110.4
revfp2_009_003.jpg,board_pull_20260924,20260924T035338,165.7
revfp2_010_001.jpg,board_pull_20260924,20260924T035904,0.5
revfp2_010_002.jpg,board_pull_20260924,20260924T035904,1.1
revfp2_010_003.jpg,board_pull_20260924,20260924T035904,1.6
revfp2_011_001.jpg,board_pull_20260924,20260924T040124,26.5
revfp2_011_002.jpg,board_pull_20260924,20260924T040124,53.0
revfp2_011_003.jpg,board_pull_20260924,20260924T040124,79.5
revfp2_012_001.jpg,board_pull_20260924,20260924T040942,30.2
revfp2_012_002.jpg,board_pull_20260924,20260924T040942,60.4
revfp2_012_003.jpg,board_pull_20260924,20260924T040942,90.6
revfp2_013_001.jpg,board_pull_20260924,20260924T041609,40.5
revfp2_013_002.jpg,board_pull_20260924,20260924T041609,81.0
revfp2_013_003.jpg,board_pull_20260924,20260924T041609,121.5
revfp2_014_001.jpg,board_pull_20260925,20260924T182436,30.8
revfp2_014_002.jpg,board_pull_20260925,20260924T182436,61.6
revfp2_014_003.jpg,board_pull_20260925,20260924T182436,92.4
revfp2_015_001.jpg,board_pull_20260925,20260924T193050,26.5
revfp2_015_002.jpg,board_pull_20260925,20260924T193050,53.0
revfp2_015_003.jpg,board_pull_20260925,20260924T193050,79.6
revfp2_016_001.jpg,board_pull_20260925,20260924T194804,29.9
revfp2_016_002.jpg,board_pull_20260925,20260924T194804,59.8
revfp2_016_003.jpg,board_pull_20260925,20260924T194804,89.7
revfp2_017_001.jpg,board_pull_20260925,20260924T202529,39.4
revfp2_017_002.jpg,board_pull_20260925,20260924T202529,78.7
revfp2_017_003.jpg,board_pull_20260925,20260924T202529,118.1
revfp2_018_001.jpg,board_pull_20260925,20260924T203854,38.5
revfp2_018_002.jpg,board_pull_20260925,20260924T203854,76.9
revfp2_018_003.jpg,board_pull_20260925,20260924T203854,115.4
revfp2_019_001.jpg,board_pull_20260926,20260926T003048,30.6
revfp2_019_002.jpg,board_pull_20260926,20260926T003048,61.2
revfp2_019_003.jpg,board_pull_20260926,20260926T003048,91.8
revfp2_020_001.jpg,board_pull_20260926,20260926T070713,41.5
revfp2_020_002.jpg,board_pull_20260926,20260926T070713,83.0
revfp2_020_003.jpg,board_pull_20260926,20260926T070713,124.4
revfp2_021_001.jpg,board_pull_20260926,20260926T102529,26.5
revfp2_021_002.jpg,board_pull_20260926,20260926T102529,53.0
revfp2_021_003.jpg,board_pull_20260926,20260926T102529,79.5
revfp2_022_001.jpg,board_pull_20260926,20260926T170146,26.5
revfp2_022_002.jpg,board_pull_20260926,20260926T170146,53.1
revfp2_022_003.jpg,board_pull_20260926,20260926T170146,79.6
revfp2_023_001.jpg,board_pull_20260926,20260926T230025,38.3
revfp2_023_002.jpg,board_pull_20260926,20260926T230025,76.5
revfp2_023_003.jpg,board_pull_20260926,20260926T230025,114.8
revfp2_024_001.jpg,board_pull_20260926,20260926T235352,34.4
revfp2_024_002.jpg,board_pull_20260926,20260926T235352,68.7
revfp2_024_003.jpg,board_pull_20260926,20260926T235352,103.1
revfp2_025_001.jpg,board_pull_20260926,20260926T121714,17.4
revfp2_025_002.jpg,board_pull_20260926,20260926T121714,34.8
revfp2_025_003.jpg,board_pull_20260926,20260926T121714,52.2
